drug_name,vh_seq,v_call_heavy,j_call_heavy,v_family,cdr3_aa_heavy,cdr3_indices
Trastuzumab,EVQLVESGGGLVQPGGSLRLSCAASGFNIKDTYIHWVRQAPGKGLEWVARIYPTNGYTRYADSVKGRFTISADTSKNTAYLQMNSLRAEDTAVYYCSRWGGDGFYAMDYWGQGTLVTVSS,IGHV3-66*01,IGHJ4*01,IGHV3,SRWGGDGFYAMDY,"(96, 109)"
Pembrolizumab,QVQLVQSGVEVKKPGASVKVSCKASGYTFTNYYMYWVRQAPGQGLEWMGGINPSNGGTNFNEKFKNRVTLTTDSSTTTAYMELKSLQFDDTAVYYCARRDYRFDMGFDYWGQGTTVTVSS,IGHV1-2*02,IGHJ4*01,IGHV1,ARRDYRFDMGFDY,"(96, 109)"
Adalimumab,EVQLVESGGGLVQPGRSLRLSCAASGFTFDDYAMHWVRQAPGKGLEWVSAITWNSGHIDYADSVEGRFTISRDNAKNSLYLQMNSLRAEDTAVYYCAKVSYLSTASSLDYWGQGTLVTVSS,IGHV3-9*01,IGHJ4*01,IGHV3,AKVSYLSTASSLDY,"(96, 110)"
Nivolumab,QVQLVESGGGVVQPGRSLRLDCKASGITFSNSGMHWVRQAPGKGLEWVAVIWYDGSKRYYADSVKGRFTISRDNSKNTLFLQMNSLRAEDTAVYYCATNDDYWGQGTLVTVSS,IGHV3-33*01,IGHJ4*01,IGHV3,ATNDDY,"(96, 102)"
Rituximab,QVQLQQPGAELVKPGASVKMSCKASGYTFTSYNMHWVKQTPGRGLEWIGAIYPGNGDTSYNQKFKGKATLTADKSSSTAYMQLSSLTSEDSAVYYCARSTYYGGDWYFNVWGAGTTVTVSA,IGHV1-12*01,IGHJ1*01,IGHV1,ARSTYYGGDWYFNV,"(96, 110)"
Bevacizumab,EVQLVESGGGLVQPGGSLRLSCAASGYTFTNYGMNWVRQAPGKGLEWVGWINTYTGEPTYAADFKRRFTFSLDTSKSTAYLQMNSLRAEDTAVYYCAKYPHYYGSSHWYFDVWGQGTLVTVSS,IGHV3-23*04,IGHJ3*01,IGHV3,AKYPHYYGSSHWYFDV,"(96, 112)"
Cetuximab,QVQLKQSGPGLVQPSQSLSITCTVSGFSLTNYGVHWVRQSPGKGLEWLGVIWSGGNTDYNTPFTSRLSINKDNSKSQVFFKMNSLQSNDTAIYYCARALTYYDYEFAYWGQGTLVTVSA,IGHV2-2*03,IGHJ3*01,IGHV2,ARALTYYDYEFAY,"(95, 108)"
Infliximab,EVKLEESGGGLVQPGGSMKLSCVASGFIFSNHWMNWVRQSPEKGLEWVAEIRSKSINSATHYAESVKGRFTISRDDSKSSAYLQMNNLRTEDTGIYYCSRNYYGSTYDYWGQGTTLTVSS,IGHV6-6*02,IGHJ2*01,IGHV6,SRNYYGSTYDY,"(98, 109)"
Ipilimumab,QVQLVESGGGVVQPGRSLRLSCAASGFTFSSYTMHWVRQAPGKGLEWVTFISYDGNNKYYADSVKGRFTISRDNSKNTLYLQMNSLRAEDTAIYYCARTGWLGPFDYWGQGTLVTVSS,IGHV3-30*01,IGHJ4*01,IGHV3,ARTGWLGPFDY,"(96, 107)"
Atezolizumab,EVQLVESGGGLVQPGGSLRLSCAASGFTFSDSWIHWVRQAPGKGLEWVAWISPYGGSTYYADSVKGRFTISADTSKNTAYLQMNSLRAEDTAVYYCARRHWPGGFDYWGQGTLVTVSS,IGHV3-23*04,IGHJ4*01,IGHV3,ARRHWPGGFDY,"(96, 107)"
Durvalumab,EVQLVESGGGLVQPGGSLRLSCAASGFTFSRYWMSWVRQAPGKGLEWVANIKQDGSEKYYVDSVKGRFTISRDNAKNSLYLQMNSLRAEDTAVYYCAREGGWFGELAFDYWGQGTLVTVSS,IGHV3-7*01,IGHJ4*01,IGHV3,AREGGWFGELAFDY,"(96, 110)"
Avelumab,EVQLLESGGGLVQPGGSLRLSCAASGFTFSSYIMMWVRQAPGKGLEWVSSIYPSGGITFYADTVKGRFTISRDNSKNTLYLQMNSLRAEDTAVYYCARIKLGTVTTVDYWGQGTLVTVSS,IGHV3-23*01,IGHJ4*01,IGHV3,ARIKLGTVTTVDY,"(96, 109)"
Palivizumab,QITLKESGPGIVQPSQPFRLTCTFSGFSLSTSGMGVSWIRQPSGKGLEWLAHIYWDDDKRYNPSLKSRLTISKDTSKNQVSLKITSVTAADTAVYYCARLKFYTGGQGTHFDYWGQGTLVTVSS,IGHV8-12*01,IGHJ4*01,IGHV8,ARLKFYTGGQGTHFDY,"(97, 113)"
Omalizumab,EVQLVESGGGLVQPGRSLRLSCAASGFTFSDYAMSWVRQAPGKGLEWVSYISSGSSTIYYADSVKGRFTISRDNAKNSLYLQMNSLRAEDTAVYYCARLRHEDAYYGSGSYYPEDYWGQGTLVTVSS,IGHV3-48*01,IGHJ4*01,IGHV3,ARLRHEDAYYGSGSYYPEDY,"(96, 116)"
Secukinumab,EVQLVESGGGLVQPGGSLRLSCAASGFTFSNYWMNWVRQAPGKGLEWVGAINPDGGSTYYVDSVKGRFTISRDNAKNTLYLQMNSLRAEDTAVYYCARDRYGFLHYFDIWGQGTLVTVSS,IGHV3-74*01,IGHJ3*02,IGHV3,ARDRYGFLHYFDI,"(96, 109)"
Ustekinumab,EVQLVESGGGLVKPGGSLRLSCEASGFTFSRYWMSWVRQAPGKGLEWIGEINPDSSTINYAPSFKGRFTISRDNAKNTLYLQMNSLRAEDTAVYYCARPDGNYWYFDLWGQGTLVTVSS,IGHV3-21*01,IGHJ2*01,IGHV3,ARPDGNYWYFDL,"(96, 108)"
Tocilizumab,QVQLQESGPGLVKPSETLSLTCAVSGYSISSSNWWGWIRQPPGKGLEWIGEINHSGSTNYNPSLKSRVTISVDTSKNQFSLKLSSVTAADTAVYYCARDRGIAAGGNYYYYGMDVWGQGTTVTVSS,IGHV4-38-2*01,IGHJ6*01,IGHV4,ARDRGIAAGGNYYYYGMDV,"(96, 115)"
Dupilumab,EVQLVESGGGLEQPGGSLRLSCAGSGFTFRDYAMTWVRQAPGKGLEWVSSISGSGGNTYYADSVKGRFTISRDNSKNTLYLQMNSLRAEDTAVYYCAKDRLSITIRPRYYGLDVWGQGTTVTVSS,IGHV3-23*04,IGHJ6*01,IGHV3,AKDRLSITIRPRYYGLDV,"(96, 114)"
Pertuzumab,EVQLVESGGGLVQPGGSLRLSCAASGFTISDYWIHWVRQAPGKGLEWVAGITPAGGYTYYADSVKGRFTISADTSKNTAYLQMNSLRAEDTAVYYCSRSRYNDYYDTMDYWGQGTLVTVSS,IGHV3-23*04,IGHJ4*01,IGHV3,SRSRYNDYYDTMDY,"(96, 110)"
Natalizumab,QVQLVQSGAEVKKPGSSVKVSCKASGYTITDSNIHWVRQAPGQGLEWIGDIIPILGIANYAQKFQGRVTITADKSTSTVYMELSSLRSEDTAVYYCARGIILDYGDYRLDYWGQGTLVTVSS,IGHV1-69*02,IGHJ4*01,IGHV1,ARGIILDYGDYRLDY,"(96, 111)"
